TIPS;SAITE;SĒRIJAS_KODS;NOSAUKUMS;DATUMS_NO;DATUMS_LĪDZ;DATUMA_PRECIZITĀTE;DATUMA_PIEZĪMES;VALODA;SATURS;PIEZĪMES;SISTEMATIZĀCIJA;APJOMS;APJOMA_MĒRVIENĪBA;PIEEJAMĪBA;PIEEJAMĪBAS_PAMATOJUMS;SLEPENĪBA;SLEPENĪBAS_PIEZĪMES;KOPIJA;ARHĪVA_VĒSTURE;DATUMS;REĢ_NR;IZVEIDOŠANAS_DATUMS;NOSŪTĪŠANAS_DATUMS;NOSŪTĪTĀJA_REĢ_NR;LIETAS_NR;GRUPA;ATSLĒGVĀRDI;ANOTĀCIJA;TEHNISKĀ_INFORMĀCIJA;IEROBEŽOJUMA_DATUMS;IEROBEŽOJUMA_PIEZĪMES;LIETOŠANAS_NOSACĪJUMI
GV;A;1.2;Domes sēžu protokoli 2020. gada I ceturksnis;01.01.2020;31.03.2020;diena;;Latviešu;Domes sēžu protokoli un tiem pievienotie lēmumu projekti.;Pārņemts no lietu nomenklatūras 2020.;Hronoloģiski;;;Vispārēja;;Publisks;;;;;;;;;;;;;;;;
DOK;A;;Domes sēdes protokols Nr. 1;;;;;Latviešu;;;;;;Vispārēja;;;;;;15.01.2020;1-15/1;15.01.2020;16.01.2020;;1-15;Iekšējs;protokols,dome,sēde;Kārtējā domes sēde. Izskatīti 12 jautājumi.;;;;
DOK;A;;Domes sēdes protokols Nr. 2;;;;;Latviešu;;;;;;Vispārēja;;;;;;20.02.2020;1-15/2;20.02.2020;21.02.2020;;1-15;Iekšējs;protokols,dome,sēde;Ārkārtas sēde par budžeta grozījumiem.;;;;
DOK;A;;Domes sēdes protokols Nr. 3;;;;;Latviešu;;;;;;Vispārēja;;;;;;18.03.2020;1-15/3;18.03.2020;19.03.2020;;1-15;Iekšējs;;Sēde attālināti.;;;;
GV;B;1.3;Sarakste ar VARAM 2020. gads;01.01.2020;31.12.2020;diena;;"Latviešu; Angļu";Iestādes sarakste ar Vides aizsardzības un reģionālās attīstības ministriju.;;;;;Vispārēja;;Iekšējs;Dienesta vajadzībām;;;;;;;;;;;;;;;
DOK;B;;Vēstule VARAM par teritorijas plānojumu;;;;;Latviešu;;;;;;Vispārēja;;;;;;05.03.2020;1-19/7;04.03.2020;05.03.2020;4.1-2/1234;1-19;Nosūtīts;teritorijas plānojums,VARAM;Atbilde uz ministrijas 2020. gada 20. februāra pieprasījumu.;;;;
DOK;B;;VARAM atbilde par teritorijas plānojumu;;;;;Latviešu;;;;;;Vispārēja;;;;;;30.03.2020;1-19/8;27.03.2020;30.03.2020;4.1-2/1300;1-19;Saņemts;;;;;;
GV;C;2.1;Personāla lietas 2020. gads;01.01.2020;31.12.2020;diena;;Latviešu;Darbinieku personāla lietas.;;;;;Sensitīvi dati;"Satur fizisko personu datus; VDAR 9. pants";Konfidenciāls;Piekļuve tikai personāla nodaļai;;;;;;;;;;;;;;;
DOK;C;;Rīkojums par darbinieka pieņemšanu darbā;;;;;Latviešu;;;;;;Ierobežota;;;;;;10.02.2020;3-1/15;10.02.2020;10.02.2020;;3-1;Iekšējs;;;;31.12.2100;Personas dati;Tikai ar atļauju
